assistants,avg_daily_change
0,106.33333333333333
1,114.18333333333334
2,113.16666666666667
3,120.33333333333333
